"Dhirubhai Ambani Institute of Info. & Comm. Tech., Gandhinagar",HONS. IN ICT WITH MINOR IN COMPUTATIONAL SCI,58,99.64607728
"Dhirubhai Ambani Institute of Info. & Comm. Tech., Gandhinagar",MATHEMATICS AND COMPUTING,123,99.33321025
"Dhirubhai Ambani Institute of Info. & Comm. Tech., Gandhinagar",INFORMATION & COMMUNICATION TECHNOLOGY,158,99.2431616
"Faculty Of Technology And Engineering(GIA), Dharmsinh Desai
University, (DDU), Nadiad",COMPUTER ENGINEERING,265,98.80505264
"Institute Of Technology, Nirma University Of Science & Technology,
Ahmedabad",COMPUTER SCIENCE & ENGINEERING,325,98.6154219
"Faculty Of Technology & Engineering(MSU), Vadodara",COMPUTER SCIENCE & ENGINEERING,467,98.18096971
"Faculty Of Technology(Sfi), Dharmsinh Desai University, Nadiad",COMPUTER ENGINEERING,496,98.11444385
"L.D.College Of Engineering, Ahmedabad",COMPUTER ENGINEERING,545,97.94624698
"Birla Vishvakarma Maha Vidhyalaya(Gia), V.V.Nagar",COMPUTER ENGINEERING,720,97.38822877
"L.D.College Of Engineering, Ahmedabad",INFORMATION TECHNOLOGY,855,96.96314996
"Faculty Of Technology(Sfi), Dharmsinh Desai University, Nadiad",INFORMATION TECHNOLOGY,1108,96.25474182
"Vishwakarma Government Engineering College, Gandhinagar",COMPUTER ENGINEERING,1111,96.24457591
"School of Engg. and Applied Science, Ahmedabad University, Ahmedabad",COMPUTER SCIENCE & ENGINEERING,1134,96.18409161
"Vishwakarma Government Engineering College,
Chandkheda,Gandhinagar",INFORMATION TECHNOLOGY,1371,95.56004531
"Birla Vishvakarma Maha Vidhylaya(Sfi), V.V.Nagar",INFORMATION TECHNOLOGY,1594,94.91652654
"Faculty Of Technology & Engineering(MSU), Vadodara",CHEMICAL ENGINEERING,1597,94.90837221
"Pandit Deendayal Energy University , Gandhinagar",COMPUTER ENGINEERING,1665,94.69706386
"G.H.Patel College Of Engg. & Tech. , V. V. Nagar",COMPUTER ENGINEERING,1769,94.46988097
"Institute Of Technology, Nirma University Of Science & Technology,
Ahmedabad",ELECTRONICS & COMMUNICATION ENGINEERING,1907,94.11250411
"Government Engineering College, Sector 28 Gandhinagar",COMPUTER ENGINEERING,1924,94.07228165
"Chandubhai S Patel Institute Of Technology, Changa",COMPUTER SCIENCE & ENGINEERING,2112,93.57539394
"Pandit Deendayal Energy University , Gandhinagar",INFORMATION & COMMUNICATION TECHNOLOGY,2194,93.37549525
"Government Engineering College Sector 28, Gandhinagar",INFORMATION TECHNOLOGY,2261,93.20463145
"G.H.Patel College Of Engg. & Tech. , V. V. Nagar",INFORMATION TECHNOLOGY,2412,92.83235336
"Chandubhai S Patel Institute Of Technology, Changa",COMPUTER ENGINEERING,2486,92.63314661
"Faculty Of Technology And Engineering(GIA), Dharmsinh Desai
University, (DDU), Nadiad",CHEMICAL ENGINEERING,2779,91.90195713
"Devang Patel Institute of Advance Technology And Research,
Changa",COMPUTER SCIENCE & ENGINEERING,2968,91.39477101
"Sarvajanik College Of Engg. & Tech. , Surat",COMPUTER ENGINEERING,3026,91.26993188
"Chandubhai S Patel Institute Of Technology, Changa",INFORMATION TECHNOLOGY,3124,91.04069355
"Faculty Of Technology And Engineering(GIA), Dharmsinh Desai
University, (DDU), Nadiad",ELECTRONICS & COMMUNICATION ENGINEERING,3403,90.36141739
"ADANI INSTITUTE OF INFRASTRUCTURE ENGINEERING, AHMEDABAD",COMPUTER SCIENCE & ENGINEERING (ARTIFICIAL IN,3406,90.35964433
"L.D.College Of Engineering, Ahmedabad",ELECTRONICS & COMMUNICATION ENGINEERING,3412,90.35489915
"L.D.College Of Engineering, Ahmedabad",BIOMEDICAL ENGINEERING,3446,90.2616094
"Devang Patel Institute of Advance Technology And Research,
Changa",COMPUTER ENGINEERING,3472,90.17408327
"Faculty Of Technology & Engineering(MSU), Vadodara",ELECTRONICS ENGINEERING,3488,90.11675023
"Faculty Of Technology & Engineering(MSU), Vadodara",MECHANICAL ENGINEERING,3614,89.8138298
"Devang Patel Institute of Advance Technology And Research,
Changa",INFORMATION TECHNOLOGY,3640,89.7364055
"Government Engineering College, Bhavnagar",COMPUTER ENGINEERING,3674,89.66477919
"Sarvajanik College Of Engg. & Tech. , Surat",INFORMATION TECHNOLOGY,3688,89.63444402
"L.D.College Of Engineering, Ahmedabad",CHEMICAL ENGINEERING,3784,89.39039048
"L.D.College Of Engineering, Ahmedabad",MECHANICAL ENGINEERING,4039,88.80106701
"Institute Of Technology, Nirma University Of Science & Technology,
Ahmedabad",CHEMICAL ENGINEERING,4061,88.7445117
"A.D.Patel Institute Of Tech., Karamsad",COMPUTER ENGINEERING,4319,88.19307463
"Pandit Deendayal Energy University , Gandhinagar",ELECTRONICS & COMMUNICATION ENGINEERING,4399,88.02468699
"V.V.P. Engineering College, Rajkot",COMPUTER ENGINEERING,4544,87.68280631
"Faculty Of Technology & Engineering(MSU), Vadodara",ELECTRICAL ENGINEERING,4593,87.56040934
"Institute Of Technology, Nirma University Of Science & Technology,
Ahmedabad",MECHANICAL ENGINEERING,4622,87.50710415
"G.H.Patel College Of Engg. & Tech. , V. V. Nagar",COMPUTER SCIENCE & ENGINEERING (IOT),4688,87.34303722
"L.J. Institute Of Engg And Tech., Ahmedabad",COMPUTER ENGINEERING,4815,87.04618057
"Government Engineering College, Bhavnagar",INFORMATION TECHNOLOGY,4818,87.03621069
"Sardar Vallabhbhai Patel Institute Of Tech., Vasad",COMPUTER ENGINEERING,4933,86.77079647
"ADANI INSTITUTE OF INFRASTRUCTURE ENGINEERING, AHMEDABAD",INFORMATION & COMMUNICATION TECHNOLOGY,5060,86.46049983
"Government Engineering College, Rajkot",COMPUTER ENGINEERING,5163,86.25111183
"L.D.College Of Engineering, Ahmedabad",ELECTRICAL ENGINEERING,5174,86.2199787
"Department of Engineering and Computing , Institute of Advance
Research, Gandhinagar",BIOTECHNOLOGY,5371,85.77893636
"G.H.Patel College Of Engg. & Tech. , V. V. Nagar",COMPUTER SCIENCE & DESIGN,5433,85.63064999
"L.D.College Of Engineering, Ahmedabad",CIVIL ENGINEERING,5887,84.51163927
"A.D.Patel Institute Of Tech., Karamsad",INFORMATION TECHNOLOGY,5982,84.29702478
New L.J. Institute of Engineering & Technology,COMPUTER SCIENCE & ENGINEERING,6068,84.10705279
"L.J. Institute Of Engg And Tech., Ahmedabad",COMPUTER SCIENCE & ENGINEERING,6215,83.72204449
"Faculty Of Technology(Sfi), Dharmsinh Desai University, Nadiad",ELECTRONICS & COMMUNICATION ENGINEERING,6800,82.35740224
"Institute Of Technology, Nirma University Of Science & Technology,
Ahmedabad",ELECTRICAL ENGINEERING,6913,82.09134325
"L.J. Institute Of Engg And Tech., Ahmedabad",INFORMATION TECHNOLOGY,7030,81.82171645
"Sardar Vallabhbhai Patel Institute Of Tech., Vasad",INFORMATION TECHNOLOGY,7132,81.57074618
"Shri Swami Atmanand Saraswati Institute Of Tech., Surat",COMPUTER ENGINEERING,7147,81.52629403
"Parul Institute of Technology, Waghodia, Vadodara",BIOTECHNOLOGY,7383,80.93566895
"Institute Of Technology, Nirma University Of Science & Technology,
Ahmedabad",ELECTRONICS & INSTRUMENTATION ENGINEERING,7484,80.70031117
"Sarvajanik College Of Engg. & Tech. , Surat",ARTIFICIAL INTELLIGENCE AND DATA SCIENCE,7595,80.42051436
"Vishwakarma Government Engineering College, Gandhinagar",CHEMICAL ENGINEERING,7649,80.29573545
"V.V.P. Engineering College, Rajkot",INFORMATION TECHNOLOGY,7695,80.19424793
"Vishwakarma Government Engineering College, Gandhinagar",ELECTRONICS & COMMUNICATION ENGINEERING,7730,80.10410273
"L.E.College ,Morbi",INFORMATION TECHNOLOGY,7772,79.99377061
"Birla Vishvakarma Maha Vidhyalaya(Gia), V.V.Nagar",MECHANICAL ENGINEERING,7891,79.72410365
"Vishwakarma Government Engineering College, Gandhinagar",MECHANICAL ENGINEERING,7900,79.71344951
"Faculty Of Technology(Sfi), Dharmsinh Desai University, Nadiad",CHEMICAL ENGINEERING,7992,79.49920876
"Faculty Of Technology & Engineering(MSU), Vadodara",CIVIL ENGINEERING,8269,78.871465
"New L.J. Institute of Engineering & Technology, Ahmedabad",INFORMATION TECHNOLOGY,8585,78.13127754
"L.D.R.P. Institute Of Tech. & Research., Gandhinagar",COMPUTER ENGINEERING,9049,77.06956609
"Government Engineering College Sector 28, Gandhinagar",BIOMEDICAL ENGINEERING,9100,76.96893038
"Government Engineering College, Patan",COMPUTER SCIENCE & ENGINEERING,9280,76.53629287
"Institute Of Technology, Nirma University Of Science & Technology,
Ahmedabad",CIVIL ENGINEERING,9296,76.50825674
"Shantilal Shah Engineering College ,Bhavnagar",INFORMATION TECHNOLOGY,9446,76.1545206
"C. K. Pithawala College Of Engg. & Tech., Surat",COMPUTER ENGINEERING,9506,76.03003689
"Government Engineering College, Modasa",COMPUTER ENGINEERING,9595,75.82202141
"Birla Vishvakarma Maha Vidhyalaya(Gia), V.V.Nagar",ELECTRICAL ENGINEERING,9714,75.54050784
"Vishwakarma Government Engineering College, Gandhinagar",CIVIL ENGINEERING,9773,75.38483667
"Department of Engineering and Computing , Institute of Advance
Research, Gandhinagar",COMPUTER ENGINEERING,10096,74.60324982
"Indus Institute Of Tech. & Engg., Racharda, Ahmedabad",COMPUTER ENGINEERING,10290,74.15041622
"L.D.College Of Engineering, Ahmedabad",INSTRUMENTATION & CONTROL ENGINEERING,10298,74.13897307
"Department of Engineering and Computing , Institute of Advance
Research, Gandhinagar",INFORMATION TECHNOLOGY,10352.5,73.97537668
"A.D.Patel Institute Of Tech.,Karamsad",COMPUTER SCIENCE & DESIGN,10577,73.49177096
"Government Engineering College, Bharuch",CHEMICAL ENGINEERING,10593,73.45081325
"L.D.R.P. Institute Of Tech. & Research., Gandhinagar",INFORMATION TECHNOLOGY,10667,73.27677311
"Indus Institute Of Tech. & Engg., Racharda, Ahmedabad",COMPUTER SCIENCE & ENGINEERING,10702,73.18188401
"Government Engineering College, Modasa",INFORMATION TECHNOLOGY,10975,72.59458713
"Government Engineering College, Dahod",COMPUTER ENGINEERING,11003,72.53970322
"Ahmedabad Institute Of Tech, Ahmedabad",COMPUTER ENGINEERING,11021,72.50996761
"L.J. Institute Of Engg And Tech., Ahmedabad",ARTIFICIAL INTELLIGENCE AND DATA SCIENCE,11324,71.725242
"R.N.G. Patel Institute of Technology-RNGPIT , Bardoli",COMPUTER SCIENCE & ENGINEERING,11377,71.56339726
"Indus Institute Of Tech. & Engg., Racharda, Ahmedabad",INFORMATION TECHNOLOGY,11494,71.21862291
DR. S & S.S.Ghandhi Government Engineering College Surat,MECHANICAL ENGINEERING,11574,71.01773582
"Birla Vishvakarma Maha Vidhyalaya(Gia), V.V.Nagar",ELECTRONICS ENGINEERING,11663,70.82559422
"Vishwakarma Government Engineering College, Gandhinagar",ELECTRICAL ENGINEERING,11754,70.60697077
"Pandit Deendayal Energy University , Gandhinagar",MECHANICAL ENGINEERING,12083,69.89863049
"L.J. Institute Of Engg And Tech., Ahmedabad",ARTIFICIAL INTELLIGENCE(AI) AND MACHINE LEARNI,12289,69.38601515
"Faculty Of Technology And Engineering(GIA), Dharmsinh Desai
University, (DDU), Nadiad",CIVIL ENGINEERING,12388,69.17403734
"SCHOOL OF TECHNOLOGY, GSFC UNIVERSITY, VADODARA",COMPUTER SCIENCE & ENGINEERING,12509,68.90929364
"L.J. Institute Of Engg And Tech., Ahmedabad",COMPUTER SCIENCE & DESIGN,12527,68.87125205
"Faculty Of Technology And Engineering(GIA), Dharmsinh Desai
University, (DDU), Nadiad",INSTRUMENTATION & CONTROL ENGINEERING,12611,68.66339333
"Gandhinagar Institute Of Technology, Moti Bhoyan, Kalol,
Gandhinagar",COMPUTER ENGINEERING,12693,68.4773782
"Ahmedabad Institute Of Tech, Ahmedabad",INFORMATION TECHNOLOGY,13091,67.52351135
"Government Engineering College Sector 28, Gandhinagar",ELECTRONICS & COMMUNICATION ENGINEERING,13114,67.46085413
"L.D.College Of Engineering, Ahmedabad",AUTOMOBILE ENGINEERING,13200,67.24392009
"Parul Institute of Engineering & Technology, Waghodia, Vadodara",COMPUTER ENGINEERING,13217,67.20040274
"L.D.College Of Engineering, Ahmedabad",ENVIRONMENTAL ENGINEERING,13299,66.99407442
"Krishna School of Emerging Technology & Applied Research
(Formerly Known as Babaria Institute Of Technology) , Varnama, Vadodara",COMPUTER SCIENCE & ENGINEERING,13451,66.6443012
DR. S & S.S.Ghandhi Government Engineering College Surat,CIVIL ENGINEERING,13482,66.55730547
"Birla Vishvakarma Maha Vidhyalaya(Gia), V.V.Nagar",CIVIL ENGINEERING,13586,66.25109991
DR. S & S.S.Ghandhi Government Engineering College Surat,ELECTRONICS & COMMUNICATION ENGINEERING,13666,66.04317384
"Unitedworld School of Computational Intelligence, Uvarsad,
Gandhinagar",COMPUTER SCIENCE & ENGINEERING,13705,65.94733973
"New L.J. Institute of Engineering & Technology, Ahmedabad",COMPUTER SCIENCE & ENGINEERING (ARTIFICIAL IN,13778,65.82360192
"Pandit Deendayal Energy University ,Gandhinagar",PETROLEUM ENGINEERING,13795,65.80537764
"Pandit Deendayal Energy University ,Gandhinagar",CHEMICAL ENGINEERING,13831,65.72969387
"GIDC Degree Engineering College, Abrama, Navsari",COMPUTER ENGINEERING,13946,65.44692432
"Parul Institute of Technology, Waghodia, Vadodara",BIOMEDICAL ENGINEERING,14098,65.08440545
DR. S & S.S.Ghandhi Government Engineering College Surat,ELECTRICAL ENGINEERING,14105,65.07910205
"Department of Engineering and Computing , Institute of Advance
Research, Gandhinagar",INFORMATION & COMMUNICATION TECHNOLOGY,14148,64.98251828
"SAL ENGINEERING &TECHNICAL INSTITUTE, SOLA, AHMEDABAD",INFORMATION TECHNOLOGY,14206,64.81263305
"Darshan Institute Of Engg. & Tech., Rajkot-Morbi Highway, Hadala",COMPUTER ENGINEERING,14227,64.77042792
"Gandhinagar Institute Of Technology, Moti Bhoyan, Kalol,
Gandhinagar",INFORMATION TECHNOLOGY,14321,64.53430971
"A.D.Patel Institute Of Tech., Karamsad",ARTIFICIAL INTELLIGENCE AND DATA SCIENCE,14510,64.01597325
"School of Engg. and Applied Science, Ahmedabad University,
Ahmedabad",MECHANICAL ENGINEERING,14795,63.28380096
"Sal Institute Of Tech. & Engg. Research, Ahmedabad",COMPUTER ENGINEERING,14802,63.26101382
"Sal Institute Of Tech. & Engg. Research, Ahmedabad",COMPUTER SCIENCE & ENGINEERING,14881,63.11395883
"Birla Vishvakarma Maha Vidhylaya(Sfi), V.V.Nagar",MECHANICAL ENGINEERING,14980,62.86110715
"Madhuben & Bhanubhai Patel Institute of Technology, New
V.V.Nagar",COMPUTER ENGINEERING,15257,62.20181232
"Parul Institute of Engineering & Technology, Waghodia, Vadodara",COMPUTER SCIENCE & ENGINEERING,15407,61.93758847
"SCHOOL OF SCIENCE & ENGINEERING., Navrachana University,
Vadodara",COMPUTER SCIENCE & ENGINEERING,15448,61.84330932
"Birla Vishvakarma Maha Vidhylaya(Sfi), V.V.Nagar",ELECTRONICS & COMMUNICATION ENGINEERING,15764,61.05870843
"Madhuben & Bhanubhai Patel Institute of Technology, New
V.V.Nagar",INFORMATION TECHNOLOGY,16544,59.22202753
"Ganpat University, U.V.Patel College of Engineering, Kherva,
Mehsana",BIOMEDICAL ENGINEERING,16614,59.01821523
"Government Engineering College, Valsad",CHEMICAL ENGINEERING,16671,58.89603275
"SARDAR PATEL COLLEGE OF ENGINEERING, BAKROL ANAND",COMPUTER ENGINEERING,17131,57.72161747
"SAL ENGINEERING &TECHNICAL INSTITUTE, SOLA, AHMEDABAD",COMPUTER SCIENCE & ENGINEERING,17376,57.16525734
"Krishna School of Emerging Technology & Applied Research
(Formerly Known as Babaria Institute Of Technology) , Varnama, Vadodara",INFORMATION TECHNOLOGY,17400,57.09387654
"Faculty Of Technology & Engineering(MSU), Vadodara",TEXTILE ENGINEERING,17786,56.1445933
"Parul Institute of Engineering & Technology, Waghodia, Vadodara",INFORMATION TECHNOLOGY,17860,55.93767351
"Faculty Of Technology & Engineering(MSU), Vadodara",METALLURGICAL AND MATERIALS ENGINEERING,18373,54.72974985
"Government Engineering College, Rajkot",MECHANICAL ENGINEERING,18511,54.38004278
"P.P. Savani School of Engineering, P.P. Savani University, Kosamba",COMPUTER ENGINEERING,18554,54.29235016
"Government Engineering College, Bhavnagar",CIVIL ENGINEERING,18711,53.86547278
"Government Engineering College, Rajkot",CIVIL ENGINEERING,18806,53.64761903
"P.P. Savani School of Engineering, P.P. Savani University, Kosamba",COMPUTER SCIENCE & ENGINEERING,18859,53.51579476
"Vishwakarma Government Engineering College, Gandhinagar",INSTRUMENTATION & CONTROL ENGINEERING,18950,53.21920501
"Parul Institute of Technology, Waghodia, Vadodara",COMPUTER ENGINEERING,19045,52.96954591
"L.E.College ,Morbi",CHEMICAL ENGINEERING,19094,52.84811871
"Government Engineering College, Rajkot",ELECTRICAL ENGINEERING,19190,52.59308099
"Shri Sitaram N Patel Inst. Of Tech. & Res. (Vidhyabharti Trust),
Umrakh",COMPUTER SCIENCE & ENGINEERING,19453,51.88743341
"Ganpat University, U.V.Patel College of Engineering, Kherva,
Mehsana",INFORMATION TECHNOLOGY,19495,51.78734363
"Pandit Deendayal Energy University , Gandhinagar",ELECTRICAL ENGINEERING,19544,51.69584528
"Pandit Deendayal Energy University , Gandhinagar",PETROCHEMICAL ENGINEERING,19545,51.68993799
"SAL ENGINEERING &TECHNICAL INSTITUTE, SOLA, AHMEDABAD",COMPUTER ENGINEERING,19653,51.39276149
"Shroff S.R.Rotary Inst. Of Chemical Technology, Vatatia, Bharuch",CHEMICAL ENGINEERING,19781,51.06015719
"Sal College Of Engineering , Ahmedabad",COMPUTER ENGINEERING,19802.5,51.01843496
"Ganpat University, U.V.Patel College of Engineering, Kherva,
Mehsana",COMPUTER ENGINEERING,19884,50.85799772
"Sal College Of Engineering , Ahmedabad",INFORMATION TECHNOLOGY,20174,50.10229881
"Bhagwan Mahavir College Of Engg. And Tech., Surat",COMPUTER ENGINEERING,20501,49.26461208
"ITM (SLS) Baroda University (Formerly Known as ITM Universe),
Vadodara",INFORMATION TECHNOLOGY,21267,47.38059721
"School of Engg. and Applied Science, Ahmedabad University,
Ahmedabad",CHEMICAL ENGINEERING,21467,46.9252616
"L.D.College Of Engineering, Ahmedabad",RUBBER TECHNOLOGY,21668,46.46448629
"L.J. Institute Of Engg And Tech., Ahmedabad",ROBOTICS & ARTIFICIAL INTELLIGENCE,21858,46.00224686
"Parul Institute of Technology, Waghodia, Vadodara",COMPUTER SCIENCE & ENGINEERING,21978,45.71307973
"Government Engineering College, Bhuj",CHEMICAL ENGINEERING,22121,45.33308065
"Faculty Of Technology(Sfi), Dharmsinh Desai University, Nadiad",INSTRUMENTATION & CONTROL ENGINEERING,22955,43.2187362
"P.P. Savani School of Engineering, P.P. Savani University, Kosamba",INFORMATION TECHNOLOGY,23185,42.62583667
"Government Engineering College, Valsad",ELECTRICAL ENGINEERING,23276,42.3887233
"Government Engineering College, Valsad",CIVIL ENGINEERING,23948,40.65011797
"Government Engineering College, Patan",CIVIL ENGINEERING,24567,39.15919704
"S.P.B. Patel Engg. College, (Saffrony), Linch, Mehsana",COMPUTER ENGINEERING,24835,38.46092868
APOLLO INSTITUTE OF ENGINEERING & TECHNOLOGY AHMEDABAD,COMPUTER ENGINEERING,24866,38.39507304
"Pacific School Of Engineering, Surat",COMPUTER ENGINEERING,24874,38.39196397
"Government Engineering College, Bharuch",MECHANICAL ENGINEERING,25159,37.6558839
GYANMANJARI INSTITUTE OF TECHNOLOGY Bhavnagar,COMPUTER ENGINEERING,25219,37.48124607
"SARDAR PATEL COLLEGE OF ENGINEERING, BAKROL ANAND",INFORMATION TECHNOLOGY,25224,37.47713883
"S.S.AGRAWAL INSTITUTE OF ENGINEERING & TECHNOLOGY
NAVSARI",COMPUTER ENGINEERING,25418,37.0134805
"Ganpat University, Institute of Computer Tech., Kherva, Mehsana",COMPUTER SCIENCE & ENGINEERING (BIG DATA AN,25618,36.55014605
GYANMANJARI INSTITUTE OF TECHNOLOGY Bhavnagar,INFORMATION TECHNOLOGY,25863,35.95506437
"Sardar Vallabhbhai Patel Institute Of Tech., Vasad",AERONAUTICAL ENGINEERING,25872,35.94550165
"Government Engineering College, Palanpur",CIVIL ENGINEERING,26017,35.59311811
"Atmiya University, Faculty of Engineering and Technology, Rajkot",COMPUTER ENGINEERING,26149,35.24439945
"Government Engineering College, Bharuch",CIVIL ENGINEERING,26159,35.22747972
"SHREE SWAMINARAYAN INSTITUTE OF TECHNOLOGY, BHAT,
GANDHINAGAR",COMPUTER ENGINEERING,26205,35.1213128
"SHREE SWAMINARAYAN INSTITUTE OF TECHNOLOGY, BHAT,
GANDHINAGAR",INFORMATION TECHNOLOGY,26628,34.09843786
"Government Engineering College, Valsad",MECHANICAL ENGINEERING,26892,33.46904906
"Sankalchand Patel College Of Engg., Visnagar",COMPUTER ENGINEERING,27029,33.0734192
"Government Engineering College, Bharuch",ELECTRICAL ENGINEERING,27101,32.89736576
"Government Engineering College, Modasa",ELECTRONICS & COMMUNICATION ENGINEERING,27223,32.56229094
"Shri Sadvidhya Mandal Institute Of Tech., Bharuch",COMPUTER SCIENCE & ENGINEERING,27495,31.87685984
"A.D.Patel Institute Of Tech.,Karamsad",FOOD PROCESSING TECHNOLOGY,27530,31.79728374
"Institute of Infrastructure, Tech., Research & Management (IITRAM),
Maninagar, Ahmedabad",MECHANICAL ENGINEERING,27604,31.60801478
"Government Engineering College, Bhavnagar",ELECTRONICS & COMMUNICATION ENGINEERING,27643,31.45656975
DR. S & S.S.Ghandhi Government Engineering College Surat,ENVIRONMENTAL ENGINEERING,28520,29.07146357
"ITM (SLS) Baroda University (Formerly Known as ITM Universe),
Vadodara",COMPUTER SCIENCE & ENGINEERING,28625,28.75011747
"Department of Engineering and Computing , Institute of Advance
Research, Gandhinagar",CHEMICAL ENGINEERING,28797,28.2655613
"Pandit Deendayal Energy University ,Gandhinagar",CIVIL ENGINEERING,28822,28.15436541
"Unitedworld School of Computational Intelligence, Uvarsad,
Gandhinagar",COMPUTER SCIENCE & ENGINEERING (ARTIFICIAL IN,29704,25.59733658
"S.P.B. Patel Engg. College, (Saffrony), Linch, Mehsana",INFORMATION TECHNOLOGY,30071,24.55008633
"L.D.College Of Engineering, Ahmedabad",PLASTIC TECHNOLOGY,30142,24.27238524
"Bhagwan Arihant Institute of Tech., Surat",COMPUTER ENGINEERING,30291,23.78739737
"Dr. Jivraj Mehta Institute Of Technology, Anand",INFORMATION TECHNOLOGY,31091,21.2330155
"Institute of Infrastructure, Tech., Research & Management (IITRAM),
Maninagar, Ahmedabad",ELECTRICAL ENGINEERING,31269,20.60750788
"Faculty Of Technology(Sfi), Dharmsinh Desai University, Nadiad",MECHANICAL ENGINEERING,31679,19.10150206
"Government Engineering College, Patan",ELECTRONICS & COMMUNICATION ENGINEERING,31782,18.65677007
"Ganpat University, U.V.Patel College of Engineering, Kherva,
Mehsana",COMPUTER ENGINEERING (ARTIFICIAL INTELLIGENC,32063,17.48051212
"Government Engineering College, Sector 28 Gandhinagar",METALLURGY,32163,17.13760099
"Sarvajanik College Of Engg. & Tech. , Surat",CIVIL ENGINEERING,32206,16.96089978
"Vishwakarma Government Engineering College,
Chandkheda,Gandhinagar",POWER ELECTRONICS,32209,16.95132098
"Narnarayan Shastri Institute of Technology, Jetalpur, Ahmedabad",COMPUTER SCIENCE & ENGINEERING,32268,16.73925172
"Parul Institute of Engineering & Technology, Waghodia, Vadodara",COMPUTER SCIENCE & ENGINEERING (DATA SCIENC,32516,15.79872817
"Chandubhai S Patel Institute Of Technology, Changa",ELECTRICAL ENGINEERING,32576,15.55074106
"L.J. Institute Of Engg And Tech., Ahmedabad",ELECTRONICS & COMMUNICATION ENGINEERING,32674,15.19382527
"Smt. S.R. Patel Engg. College, Dabhi, Unjha",COMPUTER ENGINEERING,32678,15.17554586
"ITM (SLS) Baroda University (Formerly Known as ITM Universe),
Vadodara",COMPUTER SCIENCE & ENGINEERING (CYBER SECUR,32717,14.98999856
"Sarvajanik College Of Engg. & Tech. , Surat",MECHANICAL ENGINEERING,32757,14.81154674
"Shroff S.R.Rotary Inst. Of Chemical Technology, Vatatia, Bharuch",ELECTRICAL ENGINEERING,32765,14.74701061
"Chandubhai S Patel Institute Of Technology, Changa",ELECTRONICS & COMMUNICATION ENGINEERING,32785,14.68982539
"Shroff S.R.Rotary Inst. Of Chemical Technology, Vatatia, Bharuch",CHEMICAL TECHNOLOGY,32903,14.1303075
"Amiraj College Of Engg & Tech., Sanand, Ahmedabad",COMPUTER SCIENCE & ENGINEERING,32954,13.88614487
"K.J. Institute Of Engg. And Tech., Savali",COMPUTER ENGINEERING,32967,13.79388516
"ITM (SLS) Baroda University (Formerly Known as ITM Universe),
Vadodara",COMPUTER SCIENCE & ENGINEERING (DATA SCIENC,33040,13.41705732
"Parul Institute of Engineering & Technology, Waghodia, Vadodara",COMPUTER SCIENCE & ENGINEERING (ARTIFICIAL IN,33058,13.37137727
"Sarvajanik College Of Engg. & Tech. , Surat",ELECTRONICS & COMMUNICATION ENGINEERING,33105,13.13483599
"L.J. Institute Of Engg And Tech., Ahmedabad",MECHANICAL ENGINEERING,33122,13.02497567
"G.H.Patel College Of Engg. & Tech. , V. V. Nagar",CHEMICAL ENGINEERING,33206,12.55071665
"R.K. University - School of Engineering, Rajkot",INFORMATION TECHNOLOGY,33214,12.49450828
"Rai School of Engineering, Dholka, Ahmedabad",COMPUTER SCIENCE & ENGINEERING,33244,12.32016843
"Parul Institute of Technology, Waghodia, Vadodara",FOOD TECHNOLOGY,33266,12.22733834
"Knowledge Institute of Technology and Engineering, Bakrol, Anand",COMPUTER ENGINEERING,33278,12.13629949
"Shankersinh Vaghela Bapu Institute Of Tech., Unava, Gandhinagar",COMPUTER ENGINEERING,33296,12.06925972
"Parul Institute of Technology, Waghodia, Vadodara",CHEMICAL ENGINEERING,33344,11.86486467
"Vidush Somany Institute Of Tech. & Res., Kadi",INFORMATION TECHNOLOGY,33413,11.41559581
"School of Engineering - Indrashil University, Kadi",CHEMICAL & BIOCHEMICAL ENGINEERING,33431,11.3279454
"P.P. Savani School of Engineering, P.P. Savani University, Kosamba",INFORMATION TECHNOLOGY & ENGINEERING,33437,11.30571247
"L.D.College Of Engineering, Ahmedabad",TEXTILE TECHNOLOGY,33439,11.30389175
"Knowledge Institute of Technology and Engineering, Bakrol, Anand",INFORMATION TECHNOLOGY,33444,11.28531969
"Pandit Deendayal Energy University , Gandhinagar",AUTOMOBILE ENGINEERING,33491,11.0020062
"SAL ENGINEERING &TECHNICAL INSTITUTE, SOLA, AHMEDABAD",INFORMATION & COMMUNICATION TECHNOLOGY,33525,10.77650542
"L.J. Institute Of Engg And Tech., Ahmedabad",CHEMICAL ENGINEERING,33533,10.73535604
"Parul Institute of Engineering & Technology, Waghodia, Vadodara",COMPUTER SCIENCE & TECHNOLOGY,33548,10.64347825
"Marwadi Edu. Foundation Group Of Institutions, Faculty Of Engg.,
Rajkot",COMPUTER ENGINEERING,33585,10.43485726
"Vidush Somany Institute Of Tech. & Res., Kadi",COMPUTER SCIENCE & ENGINEERING,33590,10.41575973
"Ganpat University, U.V.Patel College of Engineering, Kherva,
Mehsana",COMPUTER SCIENCE & BUSINESS SYSTEMS,33593,10.39938125
"Shankersinh Vaghela Bapu Institute Of Tech., Unava, Gandhinagar",INFORMATION TECHNOLOGY,33596,10.39722072
"Ganpat University, Institute of Computer Tech., Kherva, Mehsana",COMPUTER SCIENCE & ENGINEERING (CLOUD BASE,33642,10.21246916
"Mahavir Swami College Of Engineering & Technology, Bharthana-
Vesu, Surat",COMPUTER ENGINEERING,33662,10.06764088
"L.E.College , Morbi",MECHANICAL ENGINEERING,33671,10.01742203
"Atmiya University, Faculty of Engineering and Technology, Rajkot",INFORMATION TECHNOLOGY,33678,9.99786803
"P.P. Savani School of Engineering, P.P. Savani University, Kosamba",COMPUTER ENGINEERING (MACHINE LEARNING & A,33681,9.98893468
"Birla Vishvakarma Maha Vidhyalaya(Gia), V.V.Nagar",PRODUCTION ENGINEERING,33697,9.90936697
"Faculty Of Technology & Engineering(MSU), Vadodara",TEXTILE TECHNOLOGY,33721,9.7800844
"G.H.Patel College Of Engg. & Tech. , V. V. Nagar",ELECTRONICS & COMMUNICATION ENGINEERING,33754,9.51462048
"Sardar Vallabhbhai Patel Institute Of Tech.,Vasad",MECHANICAL ENGINEERING,33773,9.34592622
"Shri Labhubhai Trivedi Institute Of Engineering And Technology,
Rajkot",COMPUTER SCIENCE & ENGINEERING,33784,9.28059456
"Ganpat University, Institute of Computer Tech., Kherva, Mehsana",COMPUTER SCIENCE & ENGINEERING (CYBER SECUR,33797,9.15621274
"Bhagwan Arihant Institute of Tech., Surat",INFORMATION TECHNOLOGY,33802,9.15571519
"Marwadi Edu. Foundation Group Of Institutions, Faculty Of Engg.,
Rajkot",INFORMATION TECHNOLOGY,33848,8.82521166
"Sarvajanik College Of Engg. & Tech. , Surat",INSTRUMENTATION & CONTROL ENGINEERING,33860,8.72138583
"Vidush Somany Institute Of Tech. & Res., Kadi",COMPUTER ENGINEERING,33922,8.33413584
"C.U.Shah College Of Engg.& Tech., Wadhvan",COMPUTER ENGINEERING,33931,8.29260754
"Government Engineering College, Godhra",CIVIL ENGINEERING,33932,8.28205047
"Sarvajanik College Of Engg. & Tech. , Surat",CHEMICAL ENGINEERING,33944,8.16972248
"Government Engineering College, Rajkot",AUTOMOBILE ENGINEERING,33952,8.08804461
"Parul Institute of Technology, Waghodia, Vadodara",DAIRY TECHNOLOGY,33979,7.87074344
"Chhotubhai Gopalbhai Patel Institute Of Tech., Tarsadi, Bardoli",COMPUTER ENGINEERING,34022,7.55669843
"Marwadi Edu. Foundation Group Of Institutions, Faculty Of Tech.,
Rajkot",INFORMATION & COMMUNICATION TECHNOLOGY,34031,7.50557526
"Hjd Institute Of Technical Education And Reserch, Kera",COMPUTER SCIENCE & ENGINEERING,34040,7.44129094
"Faculty Of Technology & Engineering(MSU), Vadodara",WATER MANAGEMENT ***,34041,7.4385879
"Shroff S.R.Rotary Inst. Of Chemical Technology, Vatatia, Bharuch",COMPUTER ENGINEERING,34080,7.05585282
APOLLO INSTITUTE OF ENGINEERING & TECHNOLOGY AHMEDABAD,INFORMATION TECHNOLOGY,34131,6.71245503
Asha M. Tarsadia Institute of Computer Science & Tech. Bardoli,COMPUTER ENGINEERING (SOFTWARE ENGINEERIN,34157,6.41212699
"Government Engineering College, Bhuj",ENVIRONMENTAL ENGINEERING,34195,6.02767404
"Government Engineering College, Modasa",ELECTRICAL ENGINEERING,34202,5.9733656
"Government Engineering College, Bhuj",CIVIL ENGINEERING,34206,5.93640484
"L.D.R.P. Institute Of Tech. & Research., Gandhinagar",MECHANICAL ENGINEERING,34208,5.91552998
"Shri Sitaram N Patel Inst. Of Tech. & Res. (Vidhyabharti Trust),
Umrakh",CHEMICAL ENGINEERING,34209,5.91396858
"Parul Institute of Technology, Waghodia, Vadodara",AGRICULTURAL ENGINEERING,34211,5.89728765
"Silver Oak College Of Engg., & Tech. (WITHIN AMHEDABAD
MUNICIPAL CORPORATION LIMIT), Ahmedabad",INFORMATION TECHNOLOGY,34221,5.81783453
"Government Engineering College, Bhavnagar",MECHANICAL ENGINEERING,34231,5.78189573
"SCHOOL OF TECHNOLOGY, GSFC UNIVERSITY, VADODARA",CHEMICAL ENGINEERING,34246,5.59090681
"S.S.AGRAWAL INSTITUTE OF ENGINEERING & TECHNOLOGY
NAVSARI",CIVIL ENGINEERING,34248,5.58262793
"Shri Sadvidhya Mandal Institute Of Tech., Bharuch",INFORMATION TECHNOLOGY,34249,5.57135439
"Government Engineering College, Godhra",ELECTRICAL ENGINEERING,34257,5.45634775
"ADITYA SILVER OAK INSTITUTE OF TECHNOLOGY (WITHIN LIMITS OF
AHMEDABAD MUNICIPAL CORPORATION) AHMEDABAD",COMPUTER ENGINEERING,34273,5.32814023
"Government Engineering College, Rajkot",INSTRUMENTATION & CONTROL ENGINEERING,34280,5.27180415
"Sigma Institute Of Engg., Bakrol",INFORMATION TECHNOLOGY,34287,5.18332351
"School of Engineering - Indrashil University, Kadi",COMPUTER SCIENCE & ENGINEERING,34292,5.14470217
"Government Engineering College, Palanpur",ELECTRICAL ENGINEERING,34297,5.11486728
"Government Engineering College, Patan",MECHANICAL ENGINEERING,34314,4.94931283
"L.E.College ,Morbi",ELECTRICAL ENGINEERING,34323,4.87939793
"Ganpat University, Institute of Computer Tech., Kherva, Mehsana",INFORMATION & COMMUNICATION TECHNOLOGY,34324,4.87631206
"Sal College Of Engineering , Ahmedabad",INFORMATION & COMMUNICATION TECHNOLOGY,34352,4.54088737
"C. K. Pithawala College Of Engg. & Tech., Surat",ELECTRICAL ENGINEERING,34353,4.54088737
"C. K. Pithawala College Of Engg. & Tech., Surat",CIVIL ENGINEERING,34359,4.46017786
"L.E.College ,Morbi",CIVIL ENGINEERING,34365,4.41723163
"Shri Sadvidhya Mandal Institute Of Tech., Bharuch",CHEMICAL ENGINEERING,34375,4.30104461
"Government Engineering College, Rajkot",ELECTRONICS & COMMUNICATION ENGINEERING,34377,4.29666679
"ADANI INSTITUTE OF INFRASTRUCTURE ENGINEERING,AHMEDABAD",CIVIL & INFRASTRUCTURE ENGINEERING,34378,4.28875023
"Sarvajanik College Of Engg. & Tech. , Surat",ELECTRICAL ENGINEERING,34388,4.10581939
"Gujarat Power Engg. And Res. Inst. (Gperi) (Ppp), Mevad, Mehsana",COMPUTER ENGINEERING,34398,4.00937797
"Vidhyadeep Institute of Engineering & Technology, Anita(Kim), Surat",COMPUTER ENGINEERING,34400,3.99776508
"K.J. Institute Of Engg. And Tech., Savali",INFORMATION TECHNOLOGY,34407,3.93321618
"Chhotubhai Gopalbhai Patel Institute Of Tech., Tarsadi, Bardoli",ARTIFICIAL INTELLIGENCE AND DATA SCIENCE,34412,3.87009633
"Vadodara Institute of Engineering, Kotambi, Waghodiya, Vadodara",INFORMATION TECHNOLOGY,34416,3.80676482
"Shantilal Shah Engineering College , Bhavnagar",CIVIL ENGINEERING,34421,3.76116787
"Marwadi Edu. Foundation Group Of Institutions, Faculty Of Tech.,
Rajkot",COMPUTER ENGINEERING,34425,3.71987479
"Sankalchand Patel College Of Engg., Visnagar",INFORMATION TECHNOLOGY,34445,3.44839004
"GIDC Degree Engineering College, Abrama, Navsari",MECHANICAL ENGINEERING,34449,3.4080714
"Institute of Infrastructure, Tech., Research & Management (IITRAM),
Maninagar, Ahmedabad",CIVIL ENGINEERING,34455,3.26788881
"Mahatma Gandhi Inst.Of Technical Edu. And Research
Center,Navasari",COMPUTER ENGINEERING,34469,3.07223482
"L.J. Institute Of Engg And Tech., Ahmedabad",CIVIL ENGINEERING,34475,2.97585594
"Government Engineering College, Bhuj",ELECTRICAL ENGINEERING,34479,2.92132512
"Government Engineering College, Modasa",MECHANICAL ENGINEERING,34484,2.88002536
"Vadodara Institute of Engineering, Kotambi, Waghodiya, Vadodara",COMPUTER ENGINEERING,34494,2.7372326
"Government Engineering College, Valsad",ENVIRONMENTAL ENGINEERING,34495,2.7372326
"Government Engineering College, Bharuch",ELECTRONICS & COMMUNICATION ENGINEERING,34500,2.65254529
"Government Engineering College, Bhuj",MECHANICAL ENGINEERING,34501,2.65254529
"Laxmi Institute Of Technology, Sarigam, Valsad",COMPUTER SCIENCE & ENGINEERING,34502,2.63772378
"R.N.G. Patel Institute of Technology-RNGPIT , Bardoli",CIVIL ENGINEERING,34504,2.6184086
"Sigma Institute Of Engg., Bakrol",COMPUTER ENGINEERING,34505,2.59854144
"Sal Institute Of Tech. & Engg. Research, Ahmedabad",INFORMATION & COMMUNICATION TECHNOLOGY,34511,2.33797773
"Marwadi Edu. Foundation Group Of Institutions, Faculty Of Tech.,
Rajkot",INFORMATION TECHNOLOGY,34516,2.24833135
"Government Engineering College, Modasa",CIVIL ENGINEERING,34519,2.23485509
"ADITYA SILVER OAK INSTITUTE OF TECHNOLOGY (WITHIN LIMITS OF
AHMEDABAD MUNICIPAL CORPORATION) AHMEDABAD",INFORMATION TECHNOLOGY,34520,2.22991989
"Government Engineering College, Dahod",ELECTRICAL ENGINEERING,34526,2.01474682
"Grow More Faculty of Engineering, Berna, Himmatnagar",COMPUTER ENGINEERING,34527,1.99461246
"Government Engineering College Sector 28, Gandhinagar",INSTRUMENTATION & CONTROL ENGINEERING,34534,1.87143707
"Laxmi Institute Of Technology, Sarigam, Valsad",INFORMATION TECHNOLOGY,34542,1.71101261
"Government Engineering College, Patan",ELECTRICAL ENGINEERING,34546,1.65747913
"Chhotubhai Gopalbhai Patel Institute Of Tech., Tarsadi, Bardoli",INFORMATION TECHNOLOGY,34550,1.59061707
"Shri Sitaram N Patel Inst. Of Tech. & Res. (Vidhyabharti Trust),
Umrakh",CIVIL ENGINEERING,34551,1.57492292
"Shantilal Shah Engineering College ,Bhavnagar",ELECTRICAL ENGINEERING,34552,1.5566867
Asha M. Tarsadia Institute of Computer Science & Tech. Bardoli,COMPUTER SCIENCE & ENGINEERING,34555,1.29796286
"Government Engineering College, Dahod",CIVIL ENGINEERING,34560,1.10167603
"Dr. Jivraj Mehta Institute Of Technology, Anand",COMPUTER ENGINEERING,34572,0.83426661
"S.S.AGRAWAL INSTITUTE OF ENGINEERING & TECHNOLOGY
NAVSARI",ELECTRICAL ENGINEERING,34575,0.77456206
"Shri Sitaram N Patel Inst. Of Tech. & Res. (Vidhyabharti Trust),
Umrakh",ELECTRICAL ENGINEERING,34582,0.31182321
"Silver Oak College Of Engg., & Tech. (WITHIN AMHEDABAD
MUNICIPAL CORPORATION LIMIT), Ahmedabad",COMPUTER ENGINEERING,34584,0.19579738
"Shree Pandit Nathulalji Vyas Technical Campus, Wadhawan",MECHANICAL ENGINEERING,,
"Shree Pandit Nathulalji Vyas Technical Campus, Wadhawan",INFORMATION TECHNOLOGY,,
"Shree Pandit Nathulalji Vyas Technical Campus, Wadhawan",ELECTRICAL ENGINEERING,,
"Shree Pandit Nathulalji Vyas Technical Campus, Wadhawan",COMPUTER ENGINEERING,,
"Shree Pandit Nathulalji Vyas Technical Campus, Wadhawan",CIVIL ENGINEERING,,
"Vidush Somany Institute Of Tech. & Res., Kadi",MECHANICAL ENGINEERING,,
"Vidush Somany Institute Of Tech. & Res., Kadi",CIVIL ENGINEERING,,
"Vidhyadeep Institute of Engineering & Technology, Anita(Kim), Surat",MECHANICAL ENGINEERING,,
"Vidhyadeep Institute of Engineering & Technology, Anita(Kim), Surat",ELECTRICAL ENGINEERING,,
"Vidhyadeep Institute of Engineering & Technology, Anita(Kim), Surat",CIVIL ENGINEERING,,
"VEERAYATAN INSTITUTE OF ENGINEERING TECHNOLOGY &
RESEARCH., Mandvi",MECHANICAL ENGINEERING,,
"VEERAYATAN INSTITUTE OF ENGINEERING TECHNOLOGY &
RESEARCH., Mandvi",ELECTRICAL ENGINEERING,,
"VEERAYATAN INSTITUTE OF ENGINEERING TECHNOLOGY &
RESEARCH., Mandvi",COMPUTER ENGINEERING,,
"VEERAYATAN INSTITUTE OF ENGINEERING TECHNOLOGY &
RESEARCH., Mandvi",CIVIL ENGINEERING,,
"VEERAYATAN INSTITUTE OF ENGINEERING TECHNOLOGY &
RESEARCH., Mandvi",CHEMICAL ENGINEERING,,
"Vadodara Institute of Engineering, Kotambi, Waghodiya, Vadodara",MECHANICAL ENGINEERING,,
"Vadodara Institute of Engineering, Kotambi, Waghodiya, Vadodara",ELECTRICAL ENGINEERING,,
"Vadodara Institute of Engineering, Kotambi, Waghodiya, Vadodara",CIVIL ENGINEERING,,
"V.V.P. Engineering College, Rajkot",MECHANICAL ENGINEERING,,
"V.V.P. Engineering College, Rajkot",ELECTRONICS & COMMUNICATION ENGINEERING,,
"V.V.P. Engineering College, Rajkot",ELECTRICAL ENGINEERING,,
"V.V.P. Engineering College, Rajkot",CIVIL ENGINEERING,,
"V.V.P. Engineering College, Rajkot",CHEMICAL ENGINEERING,,
"Tatva Institute Of Technological Studies, Modasa",MECHANICAL ENGINEERING,,
"Tatva Institute Of Technological Studies, Modasa",INFORMATION TECHNOLOGY,,
"Tatva Institute Of Technological Studies, Modasa",ELECTRONICS & COMMUNICATION ENGINEERING,,
"Tatva Institute Of Technological Studies, Modasa",ELECTRICAL ENGINEERING,,
"Tatva Institute Of Technological Studies, Modasa",CIVIL ENGINEERING,,
Swarrnim Institute of Technology,MOBILE APPLICATION & CLOUD TECHOLOGY,,
Swarrnim Institute of Technology,MECHANICAL ENGINEERING,,
Swarrnim Institute of Technology,INFORMATION TECHNOLOGY,,
Swarrnim Institute of Technology,ENVIRONMENT ENGINEERING,,
Swarrnim Institute of Technology,ELECTRONICS & COMMUNICATION ENGINEERING,,
Swarrnim Institute of Technology,ELECTRICAL ENGINEERING,,
Swarrnim Institute of Technology,CYBER SECURITY,,
Swarrnim Institute of Technology,COMPUTER ENGINEERING,,
Swarrnim Institute of Technology,CLOUD TECH &INFORMATION SECURITY,,
Swarrnim Institute of Technology,CIVIL ENGINEERING,,
Swarrnim Institute of Technology,CHEMICAL ENGINEERING,,
Swarrnim Institute of Technology,AUTOMOBILE ENGINEERING,,
Swarrnim Institute of Technology,ARTIFICIAL INTELLIGENCE,,
"Swaminarayan College Of Engg. & Tech., Kalol",MECHANICAL ENGINEERING,,
"Swaminarayan College Of Engg. & Tech., Kalol",ELECTRICAL ENGINEERING,,
"Swaminarayan College Of Engg. & Tech., Kalol",COMPUTER ENGINEERING,,
"Swaminarayan College Of Engg. & Tech., Kalol",CIVIL ENGINEERING,,
"Swaminarayan College Of Engg. & Tech., Kalol",AUTOMOBILE ENGINEERING,,
SMT. SHANTABEN HARIBHAI GAJERA ENGINEERING COLLEGE Amreli,MECHANICAL ENGINEERING,,
SMT. SHANTABEN HARIBHAI GAJERA ENGINEERING COLLEGE Amreli,ELECTRICAL ENGINEERING,,
SMT. SHANTABEN HARIBHAI GAJERA ENGINEERING COLLEGE Amreli,COMPUTER ENGINEERING,,
SMT. SHANTABEN HARIBHAI GAJERA ENGINEERING COLLEGE Amreli,CIVIL ENGINEERING,,
SMT. SHANTABEN HARIBHAI GAJERA ENGINEERING COLLEGE Amreli,AUTOMOBILE ENGINEERING,,
"Smt. S.R. Patel Engg. College, Dabhi, Unjha",MECHANICAL ENGINEERING,,
"Smt. S.R. Patel Engg. College, Dabhi, Unjha",ELECTRONICS & COMMUNICATION ENGINEERING,,
"Smt. S.R. Patel Engg. College, Dabhi, Unjha",CIVIL ENGINEERING,,
"Silver Oak College Of Engg., & Tech. (WITHIN AMHEDABAD
MUNICIPAL CORPORATION LIMIT), Ahmedabad",MECHANICAL ENGINEERING,,
"Silver Oak College Of Engg., & Tech. (WITHIN AMHEDABAD
MUNICIPAL CORPORATION LIMIT), Ahmedabad",ELECTRONICS & COMMUNICATION ENGINEERING,,
"Silver Oak College Of Engg., & Tech. (WITHIN AMHEDABAD
MUNICIPAL CORPORATION LIMIT), Ahmedabad",COMPUTER SCIENCE & ENGINEERING (CYBER SECUR,,
"Silver Oak College Of Engg., & Tech. (WITHIN AMHEDABAD
MUNICIPAL CORPORATION LIMIT), Ahmedabad",COMPUTER SCIENCE & BIOSCIENCES,,
"Silver Oak College Of Engg., & Tech. (WITHIN AMHEDABAD
MUNICIPAL CORPORATION LIMIT), Ahmedabad",COMPUTER ENGINEERING (CLOUD COMPUTING),,
"Silver Oak College Of Engg., & Tech. (WITHIN AMHEDABAD
MUNICIPAL CORPORATION LIMIT), Ahmedabad",COMPUTER ENGINEERING (ARTIFICIAL INTELLIGENC,,
"Silver Oak College Of Engg., & Tech. (WITHIN AMHEDABAD
MUNICIPAL CORPORATION LIMIT), Ahmedabad",CIVIL ENGINEERING,,
"Silver Oak College Of Engg., & Tech. (WITHIN AMHEDABAD
MUNICIPAL CORPORATION LIMIT), Ahmedabad",AERONAUTICAL ENGINEERING,,
"Sigma Institute Of Engg., Bakrol",MECHANICAL ENGINEERING,,
"Sigma Institute Of Engg., Bakrol",ELECTRONICS & COMMUNICATION ENGINEERING,,
"Sigma Institute Of Engg., Bakrol",ELECTRICAL ENGINEERING,,
"Sigma Institute Of Engg., Bakrol",CIVIL ENGINEERING,,
"Sigma Institute Of Engg., Bakrol",CHEMICAL ENGINEERING (GREEN TECHNOLOGY AND,,
"Shroff S.R.Rotary Inst. Of Chemical Technology, Vatatia,Bharuch",MECHANICAL ENGINEERING,,
"Shroff S.R.Rotary Inst. Of Chemical Technology, Vatatia,Bharuch",ENVIRONMENTAL SCIENCE & TECHNOLOGY,,
"Shri Swami Atmanand Saraswati Institute Of Tech., Surat",MECHANICAL ENGINEERING,,
"Shri Swami Atmanand Saraswati Institute Of Tech., Surat",ELECTRONICS & COMMUNICATION ENGINEERING,,
"Shri Swami Atmanand Saraswati Institute Of Tech., Surat",ELECTRICAL ENGINEERING,,
"Shri Swami Atmanand Saraswati Institute Of Tech., Surat",CIVIL ENGINEERING,,
"Shri Sitaram N Patel Inst. Of Tech. & Res. (Vidhyabharti Trust),
Umrakh",MECHANICAL ENGINEERING,,
"Shri Satsangi Saketdham `Ram Ashram` Group Of Institutions,
Vadasma",MECHATRONICS,,
"Shri Satsangi Saketdham `Ram Ashram` Group Of Institutions,
Vadasma",MECHANICAL ENGINEERING,,
"Shri Satsangi Saketdham `Ram Ashram` Group Of Institutions,
Vadasma",ELECTRICAL ENGINEERING,,
"Shri Satsangi Saketdham `Ram Ashram` Group Of Institutions,
Vadasma",COMPUTER SCIENCE & ENGINEERING,,
"Shri Satsangi Saketdham `Ram Ashram` Group Of Institutions,
Vadasma",CIVIL ENGINEERING,,
"Shri Satsangi Saketdham `Ram Ashram` Group Of Institutions,
Vadasma",AUTOMOBILE ENGINEERING,,
"Shri Sadvidhya Mandal Institute Of Tech., Bharuch",MECHANICAL ENGINEERING,,
"Shri Sadvidhya Mandal Institute Of Tech., Bharuch",ELECTRICAL ENGINEERING,,
"Shri Sadvidhya Mandal Institute Of Tech., Bharuch",CIVIL ENGINEERING,,
"Shri Labhubhai Trivedi Institute Of Engineering And Technology,
Rajkot",MECHANICAL ENGINEERING,,
"Shri Labhubhai Trivedi Institute Of Engineering And Technology,
Rajkot",ELECTRICAL ENGINEERING,,
"Shri Labhubhai Trivedi Institute Of Engineering And Technology,
Rajkot",CIVIL ENGINEERING,,
"Shri J M Sabva Institute Of Engineering And Technology, Botad",MECHANICAL ENGINEERING,,
"Shri J M Sabva Institute Of Engineering And Technology, Botad",ELECTRICAL ENGINEERING,,
"Shri J M Sabva Institute Of Engineering And Technology, Botad",COMPUTER ENGINEERING,,
"Shri J M Sabva Institute Of Engineering And Technology, Botad",CIVIL ENGINEERING,,
"SHREE SWAMINARAYAN INSTITUTE OF TECHNOLOGY, BHAT,
GANDHINAGAR",MECHANICAL ENGINEERING,,
"SHREE SWAMINARAYAN INSTITUTE OF TECHNOLOGY, BHAT,
GANDHINAGAR",CIVIL ENGINEERING,,
"Shantilal Shah Engineering College ,Bhavnagar",MECHANICAL ENGINEERING,,
"Shantilal Shah Engineering College ,Bhavnagar",INSTRUMENTATION & CONTROL ENGINEERING,,
"Shankersinh Vaghela Bapu Institute Of Tech., Unava, Gandhinagar",MECHANICAL ENGINEERING,,
"Shankersinh Vaghela Bapu Institute Of Tech., Unava, Gandhinagar",ELECTRONICS & COMMUNICATION ENGINEERING,,
"Shankersinh Vaghela Bapu Institute Of Tech., Unava, Gandhinagar",ELECTRICAL ENGINEERING,,
"Shankersinh Vaghela Bapu Institute Of Tech., Unava, Gandhinagar",CIVIL ENGINEERING,,
"SCHOOL OF TECHNOLOGY, GSFC UNIVERSITY, VADODARA",MECHANICAL ENGINEERING,,
"SCHOOL OF TECHNOLOGY, GSFC UNIVERSITY, VADODARA",FIRE AND ENVIRONMENT HEALTH SAFETY ENGINEER,,
"SCHOOL OF SCIENCE & ENGINEERING., Navrachana University,
Vadodara",MECHANICAL ENGINEERING,,
"SCHOOL OF SCIENCE & ENGINEERING., Navrachana University,
Vadodara",ELECTRICAL AND ELECTRONICS ENGINEERING,,
"SCHOOL OF SCIENCE & ENGINEERING., Navrachana University,
Vadodara",CIVIL ENGINEERING,,
"School of Engineering - Indrashil University, Kadi",MECHANICAL ENGINEERING,,
"Rai School of Engineering, Dholka, Ahmedabad",MECHANICAL ENGINEERING,,
"Rai School of Engineering, Dholka, Ahmedabad",INFORMATION TECHNOLOGY,,
"Rai School of Engineering, Dholka, Ahmedabad",CYBER SECURITY,,
"Rai School of Engineering, Dholka, Ahmedabad",CIVIL ENGINEERING,,
"Sarvajanik College Of Engg. & Tech. , Surat",TEXTILE TECHNOLOGY,,
"Sardar Vallabhbhai Patel Institute Of Tech.,Vasad",INSTRUMENTATION & CONTROL ENGINEERING,,
"Sardar Vallabhbhai Patel Institute Of Tech.,Vasad",ELECTRONICS & COMMUNICATION ENGINEERING,,
"Sardar Vallabhbhai Patel Institute Of Tech.,Vasad",ELECTRICAL ENGINEERING,,
"Sardar Vallabhbhai Patel Institute Of Tech.,Vasad",CIVIL ENGINEERING,,
"SARDAR PATEL COLLEGE OF ENGINEERING, BAKROL ANAND",MECHANICAL ENGINEERING,,
"SARDAR PATEL COLLEGE OF ENGINEERING, BAKROL ANAND",ELECTRICAL ENGINEERING,,
"SARDAR PATEL COLLEGE OF ENGINEERING, BAKROL ANAND",CIVIL ENGINEERING,,
"Sankalchand Patel College Of Engg., Visnagar",MECHANICAL ENGINEERING,,
"Sankalchand Patel College Of Engg., Visnagar",INFORMATION & COMMUNICATION TECHNOLOGY,,
"Sankalchand Patel College Of Engg., Visnagar",CIVIL ENGINEERING,,
"Sankalchand Patel College Of Engg., Visnagar",ARTIFICIAL INTELLIGENCE AND DATA SCIENCE,,
"Sanjaybhai Rajguru College of Engg. , Rajkot",MECHANICAL ENGINEERING,,
"Sanjaybhai Rajguru College of Engg. , Rajkot",INFORMATION TECHNOLOGY,,
"Sanjaybhai Rajguru College of Engg. , Rajkot",ELECTRONICS & COMMUNICATION ENGINEERING,,
"Sanjaybhai Rajguru College of Engg. , Rajkot",ELECTRICAL ENGINEERING,,
"Sanjaybhai Rajguru College of Engg. , Rajkot",COMPUTER SCIENCE & ENGINEERING,,
"Sal Institute Of Tech. & Engg. Research, Ahmedabad",MECHANICAL ENGINEERING,,
"Sal Institute Of Tech. & Engg. Research, Ahmedabad",INSTRUMENTATION & CONTROL ENGINEERING,,
"Sal Institute Of Tech. & Engg. Research, Ahmedabad",ELECTRONICS & COMMUNICATION ENGINEERING,,
"Sal Institute Of Tech. & Engg. Research, Ahmedabad",ELECTRICAL ENGINEERING,,
"Sal Institute Of Tech. & Engg. Research, Ahmedabad",CIVIL ENGINEERING,,
"Sal Institute Of Tech. & Engg. Research, Ahmedabad",AUTOMOBILE ENGINEERING,,
"Sal College Of Engineering , Ahmedabad",MECHATRONICS,,
"Sal College Of Engineering , Ahmedabad",MECHANICAL ENGINEERING,,
"Sal College Of Engineering , Ahmedabad",CHEMICAL ENGINEERING,,
"S.S.AGRAWAL INSTITUTE OF ENGINEERING & TECHNOLOGY
NAVSARI",MECHANICAL ENGINEERING,,
"S.S.AGRAWAL INSTITUTE OF ENGINEERING & TECHNOLOGY
NAVSARI",CHEMICAL ENGINEERING,,
"S.P.B. Patel Engg. College, (Saffrony), Linch, Mehsana",MECHANICAL ENGINEERING,,
"S.P.B. Patel Engg. College, (Saffrony), Linch, Mehsana",ELECTRONICS & COMMUNICATION ENGINEERING,,
"S.P.B. Patel Engg. College, (Saffrony), Linch, Mehsana",ELECTRICAL ENGINEERING,,
"S.P.B. Patel Engg. College, (Saffrony), Linch, Mehsana",CIVIL ENGINEERING,,
"S.P.B. Patel Engg. College, (Saffrony), Linch, Mehsana",AUTOMOBILE ENGINEERING,,
"R.N.G. Patel Institute of Technology-RNGPIT , Bardoli",MECHANICAL ENGINEERING,,
"R.N.G. Patel Institute of Technology-RNGPIT , Bardoli",ELECTRICAL ENGINEERING,,
"R.N.G. Patel Institute of Technology-RNGPIT , Bardoli",CHEMICAL ENGINEERING,,
"R.K. University - School of Engineering, Rajkot",MECHANICAL ENGINEERING,,
"R.K. University - School of Engineering, Rajkot",ELECTRICAL ENGINEERING,,
"R.K. University - School of Engineering, Rajkot",COMPUTER ENGINEERING,,
"R.K. University - School of Engineering, Rajkot",CIVIL ENGINEERING,,
"Prime Institute of Engineering and Technology, Jalalpore, Navsari",MECHANICAL ENGINEERING,,
"Prime Institute of Engineering and Technology, Jalalpore, Navsari",ELECTRICAL ENGINEERING,,
"Prime Institute of Engineering and Technology, Jalalpore, Navsari",COMPUTER ENGINEERING,,
"Prime Institute of Engineering and Technology, Jalalpore, Navsari",CIVIL ENGINEERING,,
"Prime Institute of Engineering and Technology, Jalalpore, Navsari",CHEMICAL ENGINEERING,,
"Parul Institute of Technology, Waghodia, Vadodara",ROBOTICS AND AUTOMATION,,
"Parul Institute of Technology, Waghodia, Vadodara",PETROLEUM ENGINEERING,,
"Parul Institute of Technology, Waghodia, Vadodara",MINING ENGINEERING,,
"Parul Institute of Technology, Waghodia, Vadodara",MECHATRONICS,,
"Parul Institute of Technology, Waghodia, Vadodara",FIRE & SAFETY ENGINEERING,,
"Parul Institute of Technology, Waghodia, Vadodara",ENVIRONMENTAL ENGINEERING,,
"Parul Institute of Technology, Waghodia, Vadodara",COMPUTER TECHNOLOGY,,
"Parul Institute of Technology, Waghodia, Vadodara",COMPUTER SCIENCE & TECHNOLOGY,,
"Parul Institute of Technology, Waghodia, Vadodara",COMPUTER SCIENCE & ENGINEERING (NETWORKS),,
"Parul Institute of Technology, Waghodia, Vadodara",COMPUTER SCIENCE & ENGINEERING (IOT),,
"Parul Institute of Technology, Waghodia, Vadodara",COMPUTER SCIENCE & ENGINEERING (INTERNET OF,,
"Parul Institute of Technology, Waghodia, Vadodara",COMPUTER SCIENCE & ENGINEERING (DATA SCIENC,,
"Parul Institute of Technology, Waghodia, Vadodara",COMPUTER SCIENCE & ENGINEERING (CYBER SECUR,,
"Parul Institute of Technology, Waghodia, Vadodara",COMPUTER SCIENCE & ENGINEERING (CLOUD COMP,,
"Parul Institute of Technology, Waghodia, Vadodara",COMPUTER SCIENCE & ENGINEERING (BLOCK CHAIN,,
"Parul Institute of Technology, Waghodia, Vadodara",COMPUTER SCIENCE & ENGINEERING (BIG DATA AN,,
"Parul Institute of Technology, Waghodia, Vadodara",COMPUTER SCIENCE & ENGINEERING (ARTIFICIAL IN,,
"Parul Institute of Technology, Waghodia, Vadodara",COMPUTER SCIENCE & ENGINEERING (ARTIFICIAL IN,,
"Parul Institute of Technology, Waghodia, Vadodara",COMPUTER ENGINEERING (SOFTWARE ENGINEERIN,,
"Parul Institute of Technology, Waghodia, Vadodara",AUTOMOBILE ENGINEERING,,
"Parul Institute of Engineering & Technology, Waghodia, Vadodara",MECHANICAL ENGINEERING,,
"Parul Institute of Engineering & Technology, Waghodia, Vadodara",INFORMATION TECHNOLOGY (CYBER SECURITY),,
"Parul Institute of Engineering & Technology, Waghodia, Vadodara",INFORMATION TECHNOLOGY (ARTIFICIAL INTELLIGE,,
"Parul Institute of Engineering & Technology, Waghodia, Vadodara",ELECTRONICS & COMMUNICATION ENGINEERING,,
"Parul Institute of Engineering & Technology, Waghodia, Vadodara",ELECTRICAL ENGINEERING,,
"Parul Institute of Engineering & Technology, Waghodia, Vadodara",COMPUTER TECHNOLOGY,,
"Parul Institute of Engineering & Technology, Waghodia, Vadodara",COMPUTER SCIENCE & ENGINEERING (NETWORKS),,
"Parul Institute of Engineering & Technology, Waghodia, Vadodara",COMPUTER SCIENCE & ENGINEERING (IOT),,
"Parul Institute of Engineering & Technology, Waghodia, Vadodara",COMPUTER SCIENCE & ENGINEERING (INTERNET OF,,
"Parul Institute of Engineering & Technology, Waghodia, Vadodara",COMPUTER SCIENCE & ENGINEERING (CYBER SECUR,,
"Parul Institute of Engineering & Technology, Waghodia, Vadodara",COMPUTER SCIENCE & ENGINEERING (CLOUD COMP,,
"Parul Institute of Engineering & Technology, Waghodia, Vadodara",COMPUTER SCIENCE & ENGINEERING (BLOCK CHAIN,,
"Parul Institute of Engineering & Technology, Waghodia, Vadodara",COMPUTER SCIENCE & ENGINEERING (BIG DATA AN,,
"Parul Institute of Engineering & Technology, Waghodia, Vadodara",COMPUTER SCIENCE & ENGINEERING (ARTIFICIAL IN,,
"Parul Institute of Engineering & Technology, Waghodia, Vadodara",COMPUTER ENGINEERING (SOFTWARE ENGINEERIN,,
"Parul Institute of Engineering & Technology, Waghodia, Vadodara",CIVIL ENGINEERING,,
"Parul Institute of Engineering & Technology, Waghodia, Vadodara",AIRCRAFT MAINTENANCE ENGINEERING,,
"Parul Institute of Engineering & Technology, Waghodia, Vadodara",AERONAUTICAL ENGINEERING,,
"Pacific School Of Engineering, Surat",MECHANICAL ENGINEERING,,
"Pacific School Of Engineering, Surat",ELECTRICAL ENGINEERING,,
"Pacific School Of Engineering, Surat",CIVIL ENGINEERING,,
"Pacific School Of Engineering, Surat",CHEMICAL ENGINEERING,,
"P.P. Savani School of Engineering, P.P. Savani University, Kosamba",PHARMACEUTICAL ENGINEERING,,
"P.P. Savani School of Engineering, P.P. Savani University, Kosamba",MECHANICAL ENGINEERING,,
"P.P. Savani School of Engineering, P.P. Savani University, Kosamba",CIVIL ENGINEERING,,
"P.P. Savani School of Engineering, P.P. Savani University, Kosamba",CHEMICAL ENGINEERING,,
"Om Institute Of Technology, Shahera, Dist:Panchmahal",MECHANICAL ENGINEERING,,
"Om Institute Of Technology, Shahera, Dist:Panchmahal",ELECTRONICS & COMMUNICATION ENGINEERING,,
"Om Institute Of Technology, Shahera, Dist:Panchmahal",ELECTRICAL ENGINEERING,,
"Om Institute Of Technology, Shahera, Dist:Panchmahal",COMPUTER ENGINEERING,,
"Om Institute Of Technology, Shahera, Dist:Panchmahal",CIVIL ENGINEERING,,
Om Engineering College Junagadh,MECHANICAL ENGINEERING,,
Om Engineering College Junagadh,ELECTRICAL ENGINEERING,,
Om Engineering College Junagadh,COMPUTER ENGINEERING,,
Om Engineering College Junagadh,CIVIL ENGINEERING,,
Om Engineering College Junagadh,CHEMICAL ENGINEERING,,
"Noble Engineering College, Junagadh",MECHANICAL ENGINEERING,,
"Noble Engineering College, Junagadh",INFORMATION TECHNOLOGY,,
"Noble Engineering College, Junagadh",ELECTRICAL ENGINEERING,,
"Noble Engineering College, Junagadh",COMPUTER SCIENCE & ENGINEERING,,
"Noble Engineering College, Junagadh",CIVIL ENGINEERING,,
"Neotech Institute of Technology, Virod, Vadodara",MECHANICAL ENGINEERING,,
"Neotech Institute of Technology, Virod, Vadodara",ELECTRICAL ENGINEERING,,
"Neotech Institute of Technology, Virod, Vadodara",COMPUTER ENGINEERING,,
"Neotech Institute of Technology, Virod, Vadodara",CIVIL ENGINEERING,,
"Narnarayan Shastri Institute of Technology, Jetalpur, Ahmedabad",MECHANICAL ENGINEERING,,
"Narnarayan Shastri Institute of Technology, Jetalpur, Ahmedabad",ELECTRONICS & COMMUNICATION ENGINEERING,,
"Narnarayan Shastri Institute of Technology, Jetalpur, Ahmedabad",ELECTRICAL ENGINEERING,,
"Narnarayan Shastri Institute of Technology, Jetalpur, Ahmedabad",CIVIL ENGINEERING,,
"Narnarayan Shastri Institute of Technology, Jetalpur, Ahmedabad",AUTOMOBILE ENGINEERING,,
"Merchant Engg. College, Basna. Visnagar",MECHANICAL ENGINEERING,,
"Merchant Engg. College, Basna. Visnagar",ELECTRONICS & COMMUNICATION ENGINEERING,,
"Merchant Engg. College, Basna. Visnagar",ELECTRICAL ENGINEERING,,
"Merchant Engg. College, Basna. Visnagar",COMPUTER ENGINEERING,,
"Merchant Engg. College, Basna. Visnagar",CIVIL ENGINEERING,,
"Merchant Engg. College, Basna. Visnagar",AUTOMOBILE ENGINEERING,,
"Marwadi Edu. Foundation Group Of Institutions, Faculty Of Tech.,
Rajkot",MECHANICAL ENGINEERING,,
"Marwadi Edu. Foundation Group Of Institutions, Faculty Of Tech.,
Rajkot",ELECTRICAL ENGINEERING,,
"Marwadi Edu. Foundation Group Of Institutions, Faculty Of Tech.,
Rajkot",COMPUTER ENGINEERING (ARTIFICIAL INTELLIGENC,,
"Marwadi Edu. Foundation Group Of Institutions, Faculty Of Tech.,
Rajkot",CIVIL ENGINEERING,,
"Marwadi Edu. Foundation Group Of Institutions, Faculty Of Tech.,
Rajkot",CHEMICAL ENGINEERING,,
"Marwadi Edu. Foundation Group Of Institutions, Faculty Of Tech.,
Rajkot",AUTOMOBILE ENGINEERING,,
"Marwadi Edu. Foundation Group Of Institutions, Faculty Of Engg.,
Rajkot",MECHANICAL ENGINEERING,,
"Marwadi Edu. Foundation Group Of Institutions, Faculty Of Engg.,
Rajkot",ELECTRICAL ENGINEERING,,
"Marwadi Edu. Foundation Group Of Institutions, Faculty Of Engg.,
Rajkot",CIVIL ENGINEERING,,
"Mahavir Swami College Of Engineering & Technology, Bharthana-
Vesu, Surat",MECHANICAL ENGINEERING,,
"Mahavir Swami College Of Engineering & Technology, Bharthana-
Vesu, Surat",ELECTRICAL ENGINEERING,,
"Mahavir Swami College Of Engineering & Technology, Bharthana-
Vesu, Surat",CIVIL ENGINEERING,,
"Mahavir Swami College Of Engineering & Technology, Bharthana-
Vesu, Surat",AUTOMOBILE ENGINEERING,,
"Mahatma Gandhi Inst.Of Technical Edu. And Research
Center,Navasari",MECHANICAL ENGINEERING,,
"Mahatma Gandhi Inst.Of Technical Edu. And Research
Center,Navasari",ELECTRICAL ENGINEERING,,
"Mahatma Gandhi Inst.Of Technical Edu. And Research
Center,Navasari",CIVIL ENGINEERING,,
"Laxmi Institute Of Technology, Sarigam, Valsad",MECHANICAL ENGINEERING,,
"Laxmi Institute Of Technology, Sarigam, Valsad",ELECTRONICS & COMMUNICATION ENGINEERING,,
"Laxmi Institute Of Technology, Sarigam, Valsad",ELECTRICAL ENGINEERING,,
"Laxmi Institute Of Technology, Sarigam, Valsad",CIVIL ENGINEERING,,
"Laxmi Institute Of Technology, Sarigam, Valsad",AUTOMOBILE ENGINEERING,,
"Laljibhai Chaturbhai Institute Of Tech., Bhandu, Mahesana",MECHANICAL ENGINEERING,,
"Laljibhai Chaturbhai Institute Of Tech., Bhandu, Mahesana",ELECTRICAL ENGINEERING,,
"Laljibhai Chaturbhai Institute Of Tech., Bhandu, Mahesana",COMPUTER SCIENCE & ENGINEERING,,
"Laljibhai Chaturbhai Institute Of Tech., Bhandu, Mahesana",CIVIL ENGINEERING,,
"L.J. Institute Of Engg And Tech., Ahmedabad",AUTOMOBILE ENGINEERING,,
"L.E.College ,Morbi",PRODUCTION ENGINEERING,,
"L.E.College ,Morbi",POWER ELECTRONICS,,
"L.E.College ,Morbi",INDUSTRIAL ENGINEERING,,
"L.D.R.P. Institute Of Tech. & Research., Gandhinagar",ELECTRONICS & COMMUNICATION ENGINEERING,,
"L.D.R.P. Institute Of Tech. & Research., Gandhinagar",ELECTRICAL ENGINEERING,,
"L.D.R.P. Institute Of Tech. & Research., Gandhinagar",CIVIL ENGINEERING,,
"L.D.R.P. Institute Of Tech. & Research., Gandhinagar",AUTOMOBILE ENGINEERING,,
"Knowledge Institute of Technology and Engineering, Bakrol, Anand",MECHANICAL ENGINEERING,,
"Kalol Institute Of Tech. & Research Center ,Kalol",MECHANICAL ENGINEERING,,
"Kalol Institute Of Tech. & Research Center ,Kalol",INFORMATION TECHNOLOGY,,
"Kalol Institute Of Tech. & Research Center ,Kalol",ELECTRONICS & COMMUNICATION (Communication,,
"Kalol Institute Of Tech. & Research Center ,Kalol",ELECTRICAL ENGINEERING,,
"Kalol Institute Of Tech. & Research Center ,Kalol",COMPUTER ENGINEERING,,
"Kalol Institute Of Tech. & Research Center ,Kalol",CIVIL ENGINEERING,,
"K.J. Institute Of Engg. And Tech., Savali",MECHANICAL ENGINEERING,,
"K.J. Institute Of Engg. And Tech., Savali",ELECTRONICS & COMMUNICATION ENGINEERING,,
"K.J. Institute Of Engg. And Tech., Savali",ELECTRICAL ENGINEERING,,
"K.J. Institute Of Engg. And Tech., Savali",CIVIL ENGINEERING,,
"K.J. Institute Of Engg. And Tech., Savali",AUTOMOBILE ENGINEERING,,
"ITM Vocational University, Waghodia, Dist: Vadodara",MECHATRONICS (IND. AUTOMATION & ROBOTICS),,
"ITM Vocational University, Waghodia, Dist: Vadodara",MECHANICAL ENGINEERING (CAD & ADV. CNC.),,
"ITM Vocational University, Waghodia, Dist: Vadodara",COMPUTER ENGINEERING (Data Science),,
"ITM Vocational University, Waghodia, Dist: Vadodara",COMPUTER ENGINEERING (Cloud Tech. & Info.Sec.),,
"ITM Vocational University, Waghodia, Dist: Vadodara",CIVIL ENGINEERING (Construction Engg. & Managem,,
"ITM (SLS) Baroda University (Formerly Known as ITM Universe),
Vadodara",MECHATRONICS,,
"ITM (SLS) Baroda University (Formerly Known as ITM Universe),
Vadodara",MECHANICAL ENGINEERING,,
"ITM (SLS) Baroda University (Formerly Known as ITM Universe),
Vadodara",COMPUTER SCIENCE & ENGINEERING (ARTIFICIAL IN,,
"ITM (SLS) Baroda University (Formerly Known as ITM Universe),
Vadodara",CHEMICAL ENGINEERING,,
Ipcowala Institute Of Engineering And Technology Dharmaj,MECHANICAL ENGINEERING,,
Ipcowala Institute Of Engineering And Technology Dharmaj,COMPUTER ENGINEERING,,
Ipcowala Institute Of Engineering And Technology Dharmaj,AUTOMOBILE ENGINEERING,,
"Indus Institute Of Tech. & Engg., Racharda, Ahmedabad",METALLURGICAL ENGINEERING,,
"Indus Institute Of Tech. & Engg., Racharda, Ahmedabad",MECHANICAL ENGINEERING,,
"Indus Institute Of Tech. & Engg., Racharda, Ahmedabad",ELECTRONICS & COMMUNICATION ENGINEERING,,
"Indus Institute Of Tech. & Engg., Racharda, Ahmedabad",ELECTRICAL ENGINEERING,,
"Indus Institute Of Tech. & Engg., Racharda, Ahmedabad",CIVIL ENGINEERING,,
"Indus Institute Of Tech. & Engg., Racharda, Ahmedabad",AUTOMOBILE ENGINEERING,,
"Hjd Institute Of Technical Education And Reserch, Kera",MECHANICAL ENGINEERING,,
"Hjd Institute Of Technical Education And Reserch, Kera",ELECTRICAL ENGINEERING,,
"Hjd Institute Of Technical Education And Reserch, Kera",CIVIL ENGINEERING,,
"Hasmukh Goswami College Of Engg, Vahelal",MECHANICAL ENGINEERING,,
"Hasmukh Goswami College Of Engg, Vahelal",INFORMATION TECHNOLOGY,,
"Hasmukh Goswami College Of Engg, Vahelal",ELECTRONICS & COMMUNICATION ENGINEERING,,
"Hasmukh Goswami College Of Engg, Vahelal",ELECTRICAL ENGINEERING,,
"Hasmukh Goswami College Of Engg, Vahelal",COMPUTER ENGINEERING,,
"Hasmukh Goswami College Of Engg, Vahelal",CIVIL ENGINEERING,,
"Hasmukh Goswami College Of Engg, Vahelal",AUTOMOBILE ENGINEERING,,
"Hansaba College Of Engieering And Technology, Siddhpur",MECHANICAL ENGINEERING,,
"Hansaba College Of Engieering And Technology, Siddhpur",ELECTRICAL ENGINEERING,,
"Hansaba College Of Engieering And Technology, Siddhpur",COMPUTER ENGINEERING,,
"Hansaba College Of Engieering And Technology, Siddhpur",CIVIL ENGINEERING,,
GYANMANJARI INSTITUTE OF TECHNOLOGY Bhavnagar,MECHANICAL ENGINEERING,,
GYANMANJARI INSTITUTE OF TECHNOLOGY Bhavnagar,CIVIL ENGINEERING,,
"Gujarat Power Engg. And Res. Inst. (Gperi) (Ppp), Mevad, Mehsana",MECHANICAL ENGINEERING,,
"Gujarat Power Engg. And Res. Inst. (Gperi) (Ppp), Mevad, Mehsana",ELECTRICAL ENGINEERING,,
"Gujarat Power Engg. And Res. Inst. (Gperi) (Ppp), Mevad, Mehsana",CIVIL ENGINEERING,,
"Grow More Faculty of Engineering, Berna, Himmatnagar",MECHANICAL ENGINEERING,,
"Grow More Faculty of Engineering, Berna, Himmatnagar",INFORMATION TECHNOLOGY,,
"Grow More Faculty of Engineering, Berna, Himmatnagar",ELECTRICAL ENGINEERING,,
"Grow More Faculty of Engineering, Berna, Himmatnagar",CIVIL ENGINEERING,,
"Government Engineering College, Palanpur",MINING ENGINEERING,,
"Government Engineering College, Palanpur",MECHANICAL ENGINEERING,,
"Government Engineering College, Modasa",AUTOMOBILE ENGINEERING,,
"Government Engineering College, Godhra",MECHANICAL ENGINEERING,,
"Government Engineering College, Dahod",MECHANICAL ENGINEERING,,
"Government Engineering College, Dahod",ELECTRONICS & COMMUNICATION ENGINEERING,,
"Government Engineering College, Bhuj",MINING ENGINEERING,,
"GIDC Degree Engineering College, Abrama, Navsari",ELECTRICAL ENGINEERING,,
"GIDC Degree Engineering College, Abrama, Navsari",CIVIL ENGINEERING,,
"GIDC Degree Engineering College, Abrama, Navsari",AUTOMOBILE ENGINEERING,,
"Ganpat University, U.V.Patel College of Engineering, Kherva,
Mehsana",PETROCHEMICAL ENGINEERING,,
"Ganpat University, U.V.Patel College of Engineering, Kherva,
Mehsana",MECHATRONICS,,
"Ganpat University, U.V.Patel College of Engineering, Kherva,
Mehsana",MECHANICAL ENGINEERING,,
"Ganpat University, U.V.Patel College of Engineering, Kherva,
Mehsana",MARINE ENGINEERING,,
"Ganpat University, U.V.Patel College of Engineering, Kherva,
Mehsana",ELECTRICAL ENGINEERING,,
"Ganpat University, U.V.Patel College of Engineering, Kherva,
Mehsana",CIVIL ENGINEERING,,
"Ganpat University, U.V.Patel College of Engineering, Kherva,
Mehsana",AUTOMOBILE ENGINEERING,,
"Gandhinagar Institute Of Technology, Moti Bhoyan, Kalol,
Gandhinagar",MECHANICAL ENGINEERING,,
"Gandhinagar Institute Of Technology, Moti Bhoyan, Kalol,
Gandhinagar",ELECTRONICS & COMMUNICATION ENGINEERING,,
"Gandhinagar Institute Of Technology, Moti Bhoyan, Kalol,
Gandhinagar",ELECTRICAL ENGINEERING,,
"Gandhinagar Institute Of Technology, Moti Bhoyan, Kalol,
Gandhinagar",CIVIL ENGINEERING,,
"G.H.Patel College Of Engg. & Tech. , V. V. Nagar",MECHATRONICS,,
"G.H.Patel College Of Engg. & Tech. , V. V. Nagar",MECHANICAL ENGINEERING,,
"G.H.Patel College Of Engg. & Tech. , V. V. Nagar",ELECTRICAL ENGINEERING,,
"G.H.Patel College Of Engg. & Tech. , V. V. Nagar",CIVIL ENGINEERING,,
"Faculty Of Technology & Engineering(MSU), Vadodara",TEXTILE PROCESSING,,
"Engginering College, Tuwa, Godhara",MECHANICAL ENGINEERING,,
"Engginering College, Tuwa, Godhara",ELECTRICAL ENGINEERING,,
"Engginering College, Tuwa, Godhara",COMPUTER ENGINEERING,,
"Engginering College, Tuwa, Godhara",CIVIL ENGINEERING,,
"Dr. V.R. Godhania College of Engg. & Tech., Porbandar",MECHANICAL ENGINEERING,,
"Dr. V.R. Godhania College of Engg. & Tech., Porbandar",COMPUTER ENGINEERING,,
"Dr. V.R. Godhania College of Engg. & Tech., Porbandar",CIVIL ENGINEERING,,
"Dr. V.R. Godhania College of Engg. & Tech., Porbandar",CHEMICAL ENGINEERING,,
"Dr. Subhahsh Technical Campus, Faculty of Degree Engineering,
Junagadh",MECHANICAL ENGINEERING,,
"Dr. Subhahsh Technical Campus, Faculty of Degree Engineering,
Junagadh",INFORMATION TECHNOLOGY,,
"Dr. Subhahsh Technical Campus, Faculty of Degree Engineering,
Junagadh",ELECTRONICS & COMMUNICATION ENGINEERING,,
"Dr. Subhahsh Technical Campus, Faculty of Degree Engineering,
Junagadh",ELECTRICAL ENGINEERING,,
"Dr. Subhahsh Technical Campus, Faculty of Degree Engineering,
Junagadh",COMPUTER SCIENCE & ENGINEERING,,
"Dr. Subhahsh Technical Campus, Faculty of Degree Engineering,
Junagadh",CIVIL ENGINEERING,,
"Dr. Jivraj Mehta Institute Of Technology, Anand",MECHANICAL ENGINEERING,,
"Dr. Jivraj Mehta Institute Of Technology, Anand",ELECTRICAL ENGINEERING,,
"Dr. Jivraj Mehta Institute Of Technology, Anand",CIVIL ENGINEERING,,
"Department of Engineering and Computing , Institute of Advance
Research, Gandhinagar",MECHANICAL ENGINEERING,,
"Department of Engineering and Computing , Institute of Advance
Research, Gandhinagar",ELECTRICAL AND ELECTRONICS ENGINEERING,,
"Darshan Institute Of Engg. & Tech., Rajkot-Morbi Highway, Hadala",MECHANICAL ENGINEERING,,
"Darshan Institute Of Engg. & Tech., Rajkot-Morbi Highway, Hadala",ELECTRICAL ENGINEERING,,
"Darshan Institute Of Engg. & Tech., Rajkot-Morbi Highway, Hadala",CIVIL ENGINEERING,,
"D. A. Degree Engineering and Technology, Mahemdabad, Kheda",MECHANICAL ENGINEERING,,
"D. A. Degree Engineering and Technology, Mahemdabad, Kheda",COMPUTER ENGINEERING,,
"D. A. Degree Engineering and Technology, Mahemdabad, Kheda",CIVIL ENGINEERING,,
"Chhotubhai Gopalbhai Patel Institute Of Tech., Tarsadi, Bardoli",MECHATRONICS,,
"Chhotubhai Gopalbhai Patel Institute Of Tech., Tarsadi, Bardoli",MECHANICAL ENGINEERING,,
"Chhotubhai Gopalbhai Patel Institute Of Tech., Tarsadi, Bardoli",INFORMATION & COMMUNICATION TECHNOLOGY,,
"Chhotubhai Gopalbhai Patel Institute Of Tech., Tarsadi, Bardoli",ELECTRONICS & COMMUNICATION ENGINEERING,,
"Chhotubhai Gopalbhai Patel Institute Of Tech., Tarsadi, Bardoli",ELECTRICAL ENGINEERING,,
"Chhotubhai Gopalbhai Patel Institute Of Tech., Tarsadi, Bardoli",CYBER SECURITY,,
"Chhotubhai Gopalbhai Patel Institute Of Tech., Tarsadi, Bardoli",CIVIL ENGINEERING,,
"Chhotubhai Gopalbhai Patel Institute Of Tech., Tarsadi, Bardoli",CHEMICAL ENGINEERING,,
"Chhotubhai Gopalbhai Patel Institute Of Tech., Tarsadi, Bardoli",AUTOMOBILE ENGINEERING,,
"Chandubhai S Patel Institute Of Technology, Changa",MECHANICAL ENGINEERING,,
"Chandubhai S Patel Institute Of Technology, Changa",CIVIL ENGINEERING,,
Central Institute of Petrochemicals Engineering & Technology,PLASTIC ENGINEERING,,
Central Institute of Petrochemicals Engineering & Technology,MANUFACTURING ENGINEERING,,
"C.U.Shah College Of Engg.& Tech.,Wadhvan",MECHANICAL ENGINEERING,,
"C.U.Shah College Of Engg.& Tech.,Wadhvan",ELECTRICAL ENGINEERING,,
"C.U.Shah College Of Engg.& Tech.,Wadhvan",CIVIL ENGINEERING,,
"C. K. Pithawala College Of Engg. & Tech., Surat",MECHANICAL ENGINEERING,,
"C. K. Pithawala College Of Engg. & Tech., Surat",ELECTRONICS & COMMUNICATION ENGINEERING,,
"Bhagwan Mahavir College Of Engg. And Tech., Surat",MECHANICAL ENGINEERING,,
"Bhagwan Mahavir College Of Engg. And Tech., Surat",ELECTRONICS ENGINEERING,,
"Bhagwan Mahavir College Of Engg. And Tech., Surat",ELECTRONICS & COMMUNICATION ENGINEERING,,
"Bhagwan Mahavir College Of Engg. And Tech., Surat",CIVIL ENGINEERING,,
"Bhagwan Mahavir College Of Engg. And Tech., Surat",AUTOMOBILE ENGINEERING,,
"Bhagwan Arihant Institute of Tech., Surat",ROBOTICS AND AUTOMATION,,
"Bhagwan Arihant Institute of Tech., Surat",PHARMACEUTICAL ENGINEERING,,
"Bhagwan Arihant Institute of Tech., Surat",NANO TECHNOLOGY,,
"Bhagwan Arihant Institute of Tech., Surat",ENVIRONMENTAL ENGINEERING,,
"Bhagwan Arihant Institute of Tech., Surat",CHEMICAL ENGINEERING,,
"Bhagwan Arihant Institute of Tech., Surat",AERONAUTICAL ENGINEERING,,
"Balaji Engineering College, Jnd-Dhoraji Highway, Makhiyala,
Junagadh",MECHANICAL ENGINEERING,,
"Balaji Engineering College, Jnd-Dhoraji Highway, Makhiyala,
Junagadh",ELECTRICAL ENGINEERING,,
"Balaji Engineering College, Jnd-Dhoraji Highway, Makhiyala,
Junagadh",COMPUTER ENGINEERING,,
"Balaji Engineering College, Jnd-Dhoraji Highway, Makhiyala,
Junagadh",CIVIL ENGINEERING,,
"Krishna School of Emerging Technology & Applied Research
(Formerly Known as Babaria Institute Of Technology) , Varnama, Vadodara",MECHANICAL ENGINEERING,,
"Krishna School of Emerging Technology & Applied Research
(Formerly Known as Babaria Institute Of Technology) , Varnama, Vadodara",ELECTRICAL ENGINEERING,,
"Krishna School of Emerging Technology & Applied Research
(Formerly Known as Babaria Institute Of Technology) , Varnama, Vadodara",CIVIL ENGINEERING,,
"B.H.Gardi College Of Engg. & Technology , Rajkot",MECHANICAL ENGINEERING,,
"B.H.Gardi College Of Engg. & Technology , Rajkot",INFORMATION TECHNOLOGY,,
"B.H.Gardi College Of Engg. & Technology , Rajkot",ELECTRICAL ENGINEERING,,
"B.H.Gardi College Of Engg. & Technology , Rajkot",COMPUTER SCIENCE & ENGINEERING,,
"B.H.Gardi College Of Engg. & Technology , Rajkot",COMPUTER ENGINEERING,,
"B.H.Gardi College Of Engg. & Technology , Rajkot",CIVIL ENGINEERING,,
"Atmiya University, Faculty of Engineering and Technology, Rajkot",MECHANICAL ENGINEERING,,
"Atmiya University, Faculty of Engineering and Technology, Rajkot",ELECTRONICS & COMMUNICATION ENGINEERING,,
"Atmiya University, Faculty of Engineering and Technology, Rajkot",ELECTRICAL ENGINEERING,,
"Atmiya University, Faculty of Engineering and Technology, Rajkot",CIVIL ENGINEERING,,
"Atmiya University, Faculty of Engineering and Technology, Rajkot",AUTOMATION AND ROBOTICS,,
"Atmiya University, Faculty of Engineering and Technology, Rajkot",ARTIFICIAL INTELLIGENCE AND DATA SCIENCE,,
"Arrdekta Inst. Of Technology, Khedbrahma, Sabarkantha",MECHANICAL ENGINEERING,,
"Arrdekta Inst. Of Technology, Khedbrahma, Sabarkantha",ELECTRONICS & COMMUNICATION ENGINEERING,,
"Arrdekta Inst. Of Technology, Khedbrahma, Sabarkantha",ELECTRICAL ENGINEERING,,
"Arrdekta Inst. Of Technology, Khedbrahma, Sabarkantha",COMPUTER ENGINEERING,,
"Arrdekta Inst. Of Technology, Khedbrahma, Sabarkantha",CIVIL ENGINEERING,,
APOLLO INSTITUTE OF ENGINEERING & TECHNOLOGY AHMEDABAD,MECHANICAL ENGINEERING,,
APOLLO INSTITUTE OF ENGINEERING & TECHNOLOGY AHMEDABAD,ARTIFICIAL INTELLIGENCE AND DATA SCIENCE,,
"Amiraj College Of Engg & Tech., Sanand, Ahmedabad",MECHANICAL ENGINEERING,,
"Amiraj College Of Engg & Tech., Sanand, Ahmedabad",ELECTRICAL ENGINEERING,,
"Amiraj College Of Engg & Tech., Sanand, Ahmedabad",CIVIL ENGINEERING,,
"Alpha College Of Engg. & Tech., Khatraj, Kalol",MECHANICAL ENGINEERING,,
"Alpha College Of Engg. & Tech., Khatraj, Kalol",INFORMATION TECHNOLOGY,,
"Alpha College Of Engg. & Tech., Khatraj, Kalol",ELECTRONICS & COMMUNICATION ENGINEERING,,
"Alpha College Of Engg. & Tech., Khatraj, Kalol",ELECTRICAL ENGINEERING,,
"Alpha College Of Engg. & Tech., Khatraj, Kalol",COMPUTER ENGINEERING,,
"Alpha College Of Engg. & Tech., Khatraj, Kalol",CIVIL ENGINEERING,,
"Ahmedabad Institute Of Tech, Ahmedabad",MECHANICAL ENGINEERING,,
"Ahmedabad Institute Of Tech, Ahmedabad",ELECTRONICS & COMMUNICATION ENGINEERING,,
"Ahmedabad Institute Of Tech, Ahmedabad",ELECTRICAL ENGINEERING,,
"Ahmedabad Institute Of Tech, Ahmedabad",CIVIL ENGINEERING,,
"Ahmedabad Institute Of Tech, Ahmedabad",AUTOMOBILE ENGINEERING,,
"ADITYA SILVER OAK INSTITUTE OF TECHNOLOGY (WITHIN LIMITS OF
AHMEDABAD MUNICIPAL CORPORATION) AHMEDABAD",MECHANICAL ENGINEERING,,
"ADITYA SILVER OAK INSTITUTE OF TECHNOLOGY (WITHIN LIMITS OF
AHMEDABAD MUNICIPAL CORPORATION) AHMEDABAD",ELECTRONICS & COMMUNICATION ENGINEERING,,
"ADITYA SILVER OAK INSTITUTE OF TECHNOLOGY (WITHIN LIMITS OF
AHMEDABAD MUNICIPAL CORPORATION) AHMEDABAD",ELECTRICAL ENGINEERING,,
"ADITYA SILVER OAK INSTITUTE OF TECHNOLOGY (WITHIN LIMITS OF
AHMEDABAD MUNICIPAL CORPORATION) AHMEDABAD",COMPUTER SCIENCE & BIOSCIENCES,,
"ADITYA SILVER OAK INSTITUTE OF TECHNOLOGY (WITHIN LIMITS OF
AHMEDABAD MUNICIPAL CORPORATION) AHMEDABAD",CIVIL ENGINEERING,,
"ADITYA SILVER OAK INSTITUTE OF TECHNOLOGY (WITHIN LIMITS OF
AHMEDABAD MUNICIPAL CORPORATION) AHMEDABAD",CHEMICAL ENGINEERING,,
"ADITYA SILVER OAK INSTITUTE OF TECHNOLOGY (WITHIN LIMITS OF
AHMEDABAD MUNICIPAL CORPORATION) AHMEDABAD",AERONAUTICAL ENGINEERING,,
"A.D.Patel Institute Of Tech.,Karamsad",MECHANICAL ENGINEERING,,
"A.D.Patel Institute Of Tech.,Karamsad",ELECTRONICS & COMMUNICATION ENGINEERING,,
"A.D.Patel Institute Of Tech.,Karamsad",ELECTRICAL ENGINEERING,,
"A.D.Patel Institute Of Tech.,Karamsad",CIVIL ENGINEERING,,
"A.D.Patel Institute Of Tech.,Karamsad",AUTOMOBILE ENGINEERING,,
Asha M. Tarsadia Institute of Computer Science & Tech. Bardoli,COMPUTER SCIENCE & ENGINEERING (CLOUD COMP,,
"SHREE DHANVANTARY COLLEGE OF ENGINEERING & TECHNOLOGY,
KIM",COMPUTER SCIENCE & ENGINEERING (INTERNET OF,,
"SHREE DHANVANTARY COLLEGE OF ENGINEERING & TECHNOLOGY,
KIM",COMPUTER SCIENCE & ENGINEERING (ARTIFICIAL IN,,
"SHREE DHANVANTARY COLLEGE OF ENGINEERING & TECHNOLOGY,
KIM",CHEMICAL ENGINEERING (GREEN TECHNOLOGY AND,,
